{"Comm/send_delay": 0.011754989624023438, "_timestamp": 1669752069.340552, "_runtime": 1377.5387279987335, "_step": 185, "ListenStart": 1669750700.314395, "Client 0 Test/AUCROC": 0.7640852204377099, "AUCROC": 0.7640852204377099, "BusyTime": 0.7030355930328369}