{"Comm/send_delay": 0.014572858810424805, "_timestamp": 1669752009.4745142, "_runtime": 1317.672690153122, "_step": 177, "ListenStart": 1669750700.314395, "Client 0 Test/AUCROC": 0.7634193698161789, "AUCROC": 0.7634193698161789, "BusyTime": 0.6964433193206787}