{"ListenStart": 1669752108.7974846, "_timestamp": 1669752145.3723085, "_runtime": 44.518062591552734, "_step": 6, "Comm/send_delay": 0.013295650482177734, "BusyTime": 10.310787916183472}