{"Comm/send_delay": 0.014842510223388672, "_timestamp": 1669752146.11972, "_runtime": 45.870150089263916, "_step": 16, "ListenStart": 1669752108.8263905, "Client 0 Test/AUCROC": 0.6650554014263101, "Client 1 Test/AUCROC": 0.5942507215366242, "AUCROC": 0.6296530614814672, "BusyTime": 0.7388782501220703}