{"ListenStart": 1669750619.0479686, "_timestamp": 1669750651.6271389, "_runtime": 40.95490789413452, "_step": 2, "Comm/send_delay": 0.038422584533691406, "BusyTime": 32.533156394958496}