{"Comm/send_delay": 0.029437780380249023, "_timestamp": 1669750413.651321, "_runtime": 44.02488994598389, "_step": 2, "ListenStart": 1669750378.1308398, "Client 0 Test/AUCROC": 0.513929046282422}