{"Comm/send_delay": 0.0309903621673584, "_timestamp": 1669750653.9660573, "_runtime": 43.29397439956665, "_step": 2, "ListenStart": 1669750619.0810301, "Client 0 Test/AUCROC": 0.5653578287571491, "_wandb": {"runtime": 46}}