{"ListenStart": 1669750378.229274, "_timestamp": 1669750411.2624753, "_runtime": 41.053285360336304, "_step": 2, "Comm/send_delay": 0.03717160224914551, "BusyTime": 33.03247022628784}