{"ListenStart": 1669750700.275322, "_timestamp": 1669752068.631322, "_runtime": 1376.869423866272, "_step": 92, "Comm/send_delay": 0.014462709426879883, "BusyTime": 29.331498861312866}