{"ListenStart": 1669750700.275322, "_timestamp": 1669752008.7718623, "_runtime": 1317.0099642276764, "_step": 88, "Comm/send_delay": 0.012542247772216797, "BusyTime": 27.237635850906372}